time_s,diameter_m,diameter_um,temperature_K,mass_kg,d2_norm,Re,Nu,Sh,B_M,mdot_kg_s,Q_conv_W,K_evap_m2_s
0.00000000,0.00010000,100.00000000,300.00000000,0.00000000,1.00000000,1.70917442,2.29163310,2.87828995,0.24582340,-0.00000000,0.02472578,0.00000006
0.00002500,0.00009999,99.99238983,300.73476664,0.00000000,0.99984780,1.70745638,2.29162788,2.87431949,0.25548941,-0.00000000,0.02470934,0.00000006
0.00005000,0.00009998,99.98452034,301.46810144,0.00000000,0.99969043,1.70573969,2.29162246,2.87027297,0.26548120,-0.00000000,0.02469283,0.00000006
0.00007500,0.00009998,99.97638544,302.19998234,0.00000000,0.99952776,1.70402428,2.29161683,2.86615015,0.27580846,-0.00000000,0.02467627,0.00000007
0.00010000,0.00009997,99.96797901,302.93038723,0.00000000,0.99935968,1.70231008,2.29161099,2.86195086,0.28648118,-0.00000000,0.02465964,0.00000007
0.00012500,0.00009996,99.95929488,303.65929391,0.00000000,0.99918606,1.70059702,2.29160491,2.85767496,0.29750966,-0.00000000,0.02464295,0.00000007
0.00015000,0.00009995,99.95032685,304.38668011,0.00000000,0.99900678,1.69888505,2.29159860,2.85332238,0.30890453,-0.00000000,0.02462619,0.00000007
0.00017500,0.00009994,99.94106869,305.11252351,0.00000000,0.99882172,1.69717410,2.29159203,2.84889310,0.32067677,-0.00000000,0.02460937,0.00000008
0.00020000,0.00009993,99.93151413,305.83680175,0.00000000,0.99863075,1.69546409,2.29158521,2.84438716,0.33283769,-0.00000000,0.02459248,0.00000008
0.00022500,0.00009992,99.92165688,306.55949244,0.00000000,0.99843375,1.69375497,2.29157811,2.83980462,0.34539900,-0.00000000,0.02457552,0.00000008
0.00025000,0.00009991,99.91149061,307.28057316,0.00000000,0.99823060,1.69204666,2.29157073,2.83514564,0.35837280,-0.00000000,0.02455850,0.00000008
0.00027500,0.00009990,99.90100900,308.00002148,0.00000000,0.99802116,1.69033910,2.29156306,2.83041041,0.37177157,-0.00000000,0.02454141,0.00000009
0.00030000,0.00009989,99.89020567,308.71781500,0.00000000,0.99780532,1.68863222,2.29155508,2.82559917,0.38560825,-0.00000000,0.02452424,0.00000009
0.00032500,0.00009988,99.87907426,309.43393129,0.00000000,0.99758295,1.68692596,2.29154679,2.82071221,0.39989621,-0.00000000,0.02450701,0.00000009
0.00035000,0.00009987,99.86760838,310.14834798,0.00000000,0.99735392,1.68522024,2.29153817,2.81574989,0.41464929,-0.00000000,0.02448971,0.00000009
0.00037500,0.00009986,99.85580160,310.86104271,0.00000000,0.99711811,1.68351499,2.29152922,2.81071260,0.42988182,-0.00000001,0.02447233,0.00000010
0.00040000,0.00009984,99.84364754,311.57199316,0.00000000,0.99687540,1.68181015,2.29151992,2.80560080,0.44560866,-0.00000001,0.02445488,0.00000010
0.00042500,0.00009983,99.83113975,312.28117706,0.00000000,0.99662565,1.68010565,2.29151026,2.80041499,0.46184520,-0.00000001,0.02443735,0.00000010
0.00045000,0.00009982,99.81827182,312.98857221,0.00000000,0.99636874,1.67840143,2.29150023,2.79515572,0.47860741,-0.00000001,0.02441975,0.00000010
0.00047500,0.00009981,99.80503732,313.69415647,0.00000000,0.99610455,1.67669740,2.29148981,2.78982359,0.49591184,-0.00000001,0.02440207,0.00000011
0.00050000,0.00009979,99.79142981,314.39790777,0.00000000,0.99583295,1.67499351,2.29147901,2.78441924,0.51377570,-0.00000001,0.02438432,0.00000011
0.00052500,0.00009978,99.77744285,315.09980411,0.00000000,0.99555381,1.67328968,2.29146780,2.77894336,0.53221682,-0.00000001,0.02436649,0.00000011
0.00055000,0.00009976,99.76307003,315.79982358,0.00000000,0.99526701,1.67158585,2.29145618,2.77339669,0.55125378,-0.00000001,0.02434857,0.00000012
0.00057500,0.00009975,99.74830491,316.49794438,0.00000000,0.99497243,1.66988194,2.29144413,2.76777999,0.57090584,-0.00000001,0.02433058,0.00000012
0.00060000,0.00009973,99.73314107,317.19414477,0.00000000,0.99466994,1.66817789,2.29143165,2.76209409,0.59119308,-0.00000001,0.02431251,0.00000012
0.00062500,0.00009972,99.71757209,317.88840312,0.00000000,0.99435942,1.66647363,2.29141872,2.75633985,0.61213638,-0.00000001,0.02429436,0.00000013
0.00065000,0.00009970,99.70159156,318.58069791,0.00000000,0.99404074,1.66476909,2.29140532,2.75051815,0.63375746,-0.00000001,0.02427612,0.00000013
0.00067500,0.00009969,99.68519307,319.27100772,0.00000000,0.99371377,1.66306420,2.29139146,2.74462992,0.65607899,-0.00000001,0.02425780,0.00000013
0.00070000,0.00009967,99.66837022,319.95931122,0.00000000,0.99337840,1.66135889,2.29137711,2.73867613,0.67912457,-0.00000001,0.02423940,0.00000014
0.00072500,0.00009965,99.65111663,320.64558720,0.00000000,0.99303450,1.65965309,2.29136227,2.73265776,0.70291882,-0.00000001,0.02422091,0.00000014
0.00075000,0.00009963,99.63342592,321.32981453,0.00000000,0.99268196,1.65794673,2.29134693,2.72657585,0.72748744,-0.00000001,0.02420233,0.00000014
0.00077500,0.00009962,99.61529170,322.01197221,0.00000000,0.99232063,1.65623974,2.29133106,2.72043144,0.75285726,-0.00000001,0.02418367,0.00000015
0.00080000,0.00009960,99.59670761,322.69203930,0.00000000,0.99195042,1.65453206,2.29131467,2.71422561,0.77905632,-0.00000001,0.02416492,0.00000015
0.00082500,0.00009958,99.57766729,323.36999500,0.00000000,0.99157118,1.65282362,2.29129775,2.70795946,0.80611392,-0.00000001,0.02414608,0.00000015
0.00085000,0.00009956,99.55816439,324.04581857,0.00000000,0.99118281,1.65111434,2.29128027,2.70163411,0.83406072,-0.00000001,0.02412716,0.00000016
0.00087500,0.00009954,99.53819255,324.71948935,0.00000000,0.99078518,1.64940415,2.29126222,2.69525070,0.86292880,-0.00000001,0.02410814,0.00000016
0.00090000,0.00009952,99.51774542,325.39098679,0.00000000,0.99037817,1.64769299,2.29124361,2.68881038,0.89275176,-0.00000001,0.02408903,0.00000016
0.00092500,0.00009950,99.49681667,326.06029036,0.00000000,0.98996165,1.64598079,2.29122441,2.68231433,0.92356483,-0.00000001,0.02406983,0.00000017
0.00095000,0.00009948,99.47539995,326.72737964,0.00000000,0.98953552,1.64426748,2.29120461,2.67576374,0.95540492,-0.00000001,0.02405054,0.00000017
0.00097500,0.00009945,99.45348889,327.39223423,0.00000000,0.98909965,1.64255298,2.29118421,2.66915979,0.98831078,-0.00000001,0.02403115,0.00000018
0.00100000,0.00009943,99.43107717,328.05483378,0.00000000,0.98865391,1.64083724,2.29116318,2.66250369,1.02232309,-0.00000001,0.02401168,0.00000018
0.00102500,0.00009941,99.40815840,328.71515795,0.00000000,0.98819820,1.63912017,2.29114153,2.65579666,1.05748461,-0.00000001,0.02399210,0.00000018
0.00105000,0.00009938,99.38472623,329.37318645,0.00000000,0.98773238,1.63740171,2.29111923,2.64903989,1.09384026,-0.00000001,0.02397243,0.00000019
0.00107500,0.00009936,99.36077427,330.02889894,0.00000000,0.98725635,1.63568179,2.29109628,2.64223462,1.13143733,-0.00000001,0.02395266,0.00000019
0.00110000,0.00009934,99.33629611,330.68227509,0.00000000,0.98676997,1.63396034,2.29107266,2.63538205,1.17032560,-0.00000001,0.02393280,0.00000020
0.00112500,0.00009931,99.31128533,331.33329454,0.00000000,0.98627314,1.63223729,2.29104836,2.62848339,1.21055752,-0.00000001,0.02391283,0.00000020
0.00115000,0.00009929,99.28573547,331.98193685,0.00000000,0.98576573,1.63051257,2.29102338,2.62153986,1.25218839,-0.00000001,0.02389277,0.00000021
0.00117500,0.00009926,99.25964007,332.62818151,0.00000000,0.98524761,1.62878610,2.29099769,2.61455266,1.29527654,-0.00000001,0.02387261,0.00000021
0.00120000,0.00009923,99.23299260,333.27200793,0.00000000,0.98471868,1.62705781,2.29097128,2.60752298,1.33988358,-0.00000001,0.02385235,0.00000021
0.00122500,0.00009921,99.20578650,333.91339539,0.00000000,0.98417881,1.62532764,2.29094416,2.60045200,1.38607461,-0.00000001,0.02383198,0.00000022
0.00125000,0.00009918,99.17801517,334.55232300,0.00000000,0.98362787,1.62359551,2.29091629,2.59334091,1.43391849,-0.00000001,0.02381152,0.00000022
0.00127500,0.00009915,99.14967196,335.18876974,0.00000000,0.98306575,1.62186135,2.29088767,2.58619085,1.48348807,-0.00000001,0.02379095,0.00000023
0.00130000,0.00009912,99.12075015,335.82271435,0.00000000,0.98249231,1.62012508,2.29085829,2.57900298,1.53486053,-0.00000001,0.02377027,0.00000023
0.00132500,0.00009909,99.09124296,336.45413536,0.00000000,0.98190744,1.61838663,2.29082813,2.57177842,1.58811770,-0.00000001,0.02374950,0.00000024
0.00135000,0.00009906,99.06114352,337.08301102,0.00000000,0.98131102,1.61664593,2.29079719,2.56451829,1.64334641,-0.00000001,0.02372861,0.00000024
0.00137500,0.00009903,99.03044491,337.70931931,0.00000000,0.98070290,1.61490290,2.29076544,2.55722366,1.70063883,-0.00000001,0.02370762,0.00000025
0.00140000,0.00009900,98.99914010,338.33303784,0.00000000,0.98008297,1.61315746,2.29073288,2.54989561,1.76009298,-0.00000001,0.02368652,0.00000025
0.00142500,0.00009897,98.96722196,338.95414389,0.00000000,0.97945110,1.61140954,2.29069949,2.54253520,1.82181311,-0.00000001,0.02366532,0.00000026
0.00145000,0.00009893,98.93468326,339.57261430,0.00000000,0.97880716,1.60965906,2.29066526,2.53514342,1.88591024,-0.00000001,0.02364400,0.00000026
0.00147500,0.00009890,98.90151664,340.18842546,0.00000000,0.97815100,1.60790594,2.29063018,2.52772130,1.95250272,-0.00000001,0.02362257,0.00000026
0.00150000,0.00009887,98.86771464,340.80155326,0.00000000,0.97748250,1.60615010,2.29059423,2.52026978,2.02171682,-0.00000001,0.02360104,0.00000027
0.00152500,0.00009883,98.83326961,341.41197306,0.00000000,0.97680152,1.60439145,2.29055739,2.51278983,2.09368741,-0.00000001,0.02357939,0.00000027
0.00155000,0.00009880,98.79817380,342.01965959,0.00000000,0.97610791,1.60262993,2.29051966,2.50528234,2.16855867,-0.00000001,0.02355762,0.00000028
0.00157500,0.00009876,98.76241927,342.62458697,0.00000000,0.97540155,1.60086544,2.29048102,2.49774821,2.24648495,-0.00000002,0.02353575,0.00000029
0.00160000,0.00009873,98.72599791,343.22672856,0.00000000,0.97468227,1.59909789,2.29044145,2.49018829,2.32763164,-0.00000002,0.02351375,0.00000029
0.00162500,0.00009869,98.68890140,343.82605700,0.00000000,0.97394993,1.59732721,2.29040093,2.48260340,2.41217614,-0.00000002,0.02349165,0.00000030
0.00165000,0.00009865,98.65112123,344.42254407,0.00000000,0.97320437,1.59555330,2.29035946,2.47499432,2.50030901,-0.00000002,0.02346942,0.00000030
0.00167500,0.00009861,98.61264866,345.01616063,0.00000000,0.97244545,1.59377606,2.29031702,2.46736182,2.59223515,-0.00000002,0.02344708,0.00000031
0.00170000,0.00009857,98.57347473,345.60687659,0.00000000,0.97167299,1.59199542,2.29027358,2.45970661,2.68817519,-0.00000002,0.02342461,0.00000031
0.00172500,0.00009853,98.53359018,346.19466080,0.00000000,0.97088684,1.59021126,2.29022914,2.45202939,2.78836698,-0.00000002,0.02340203,0.00000032
0.00175000,0.00009849,98.49298550,346.77948095,0.00000000,0.97008682,1.58842351,2.29018367,2.44433080,2.89306730,-0.00000002,0.02337932,0.00000032
0.00177500,0.00009845,98.45165088,347.36130353,0.00000000,0.96927276,1.58663205,2.29013716,2.43661146,3.00255372,-0.00000002,0.02335649,0.00000033
0.00180000,0.00009841,98.40957617,347.94009368,0.00000000,0.96844447,1.58483678,2.29008958,2.42887195,3.11712677,-0.00000002,0.02333354,0.00000033
0.00182500,0.00009837,98.36675089,348.51581512,0.00000000,0.96760177,1.58303760,2.29004093,2.42111281,3.23711228,-0.00000002,0.02331045,0.00000034
0.00185000,0.00009832,98.32316418,349.08843003,0.00000000,0.96674446,1.58123439,2.28999117,2.41333455,3.36286407,-0.00000002,0.02328725,0.00000035
0.00187500,0.00009828,98.27880478,349.65789893,0.00000000,0.96587235,1.57942706,2.28994030,2.40553763,3.49476696,-0.00000002,0.02326391,0.00000035
0.00190000,0.00009823,98.23366100,350.22418057,0.00000000,0.96498522,1.57761547,2.28988828,2.39772247,3.63324021,-0.00000002,0.02324044,0.00000036
0.00192500,0.00009819,98.18772068,350.78723175,0.00000000,0.96408285,1.57579952,2.28983510,2.38988948,3.77874138,-0.00000002,0.02321684,0.00000036
0.00195000,0.00009814,98.14097118,351.34700722,0.00000000,0.96316502,1.57397908,2.28978073,2.38203901,3.93177071,-0.00000002,0.02319310,0.00000037
0.00197500,0.00009809,98.09339930,351.90345945,0.00000000,0.96223150,1.57215402,2.28972515,2.37417136,4.09287617,-0.00000002,0.02316923,0.00000038
0.00200000,0.00009804,98.04499129,352.45653855,0.00000000,0.96128203,1.57032420,2.28966833,2.36628681,4.26265914,-0.00000002,0.02314522,0.00000038
0.00202500,0.00009800,97.99573274,353.00619200,0.00000000,0.96031636,1.56848950,2.28961026,2.35838561,4.44178098,-0.00000002,0.02312107,0.00000039
0.00205000,0.00009795,97.94560861,353.55236444,0.00000000,0.95933422,1.56664976,2.28955089,2.35046795,4.63097056,-0.00000002,0.02309678,0.00000040
0.00207500,0.00009789,97.89460311,354.09499751,0.00000000,0.95833533,1.56480484,2.28949021,2.34253398,4.83103293,-0.00000002,0.02307235,0.00000040
0.00210000,0.00009784,97.84269968,354.63402952,0.00000000,0.95731939,1.56295458,2.28942818,2.33458385,5.04285935,-0.00000002,0.02304777,0.00000041
0.00212500,0.00009779,97.78988090,355.16939524,0.00000000,0.95628608,1.56109882,2.28936478,2.32661763,5.26743891,-0.00000002,0.02302304,0.00000042
0.00215000,0.00009774,97.73612844,355.70102556,0.00000000,0.95523508,1.55923738,2.28929996,2.31863538,5.50587206,-0.00000002,0.02299816,0.00000042
0.00217500,0.00009768,97.68142299,356.22884714,0.00000000,0.95416604,1.55737010,2.28923371,2.31063711,5.75938639,-0.00000002,0.02297312,0.00000043
0.00220000,0.00009763,97.62574414,356.75278210,0.00000000,0.95307859,1.55549678,2.28916597,2.30262283,6.02935523,-0.00000002,0.02294793,0.00000044
0.00222500,0.00009757,97.56907031,357.27274758,0.00000000,0.95197235,1.55361722,2.28909672,2.29459247,6.31731935,-0.00000002,0.02292257,0.00000045
0.00225000,0.00009751,97.51137867,357.78865527,0.00000000,0.95084690,1.55173121,2.28902590,2.28654597,6.62501283,-0.00000002,0.02289706,0.00000045
0.00227500,0.00009745,97.45264495,358.30041092,0.00000000,0.94970180,1.54983855,2.28895349,2.27848324,6.95439365,-0.00000002,0.02287137,0.00000046
0.00230000,0.00009739,97.39284338,358.80791379,0.00000000,0.94853659,1.54793899,2.28887943,2.27040415,7.30768015,-0.00000002,0.02284552,0.00000047
0.00232500,0.00009733,97.33194653,359.31105600,0.00000000,0.94735078,1.54603228,2.28880368,2.26230857,7.68739486,-0.00000003,0.02281949,0.00000048
0.00235000,0.00009727,97.26992511,359.80972181,0.00000000,0.94614383,1.54411818,2.28872619,2.25419635,8.09641722,-0.00000003,0.02279328,0.00000049
0.00237500,0.00009721,97.20674782,360.30378685,0.00000000,0.94491518,1.54219640,2.28864690,2.24606734,8.53804745,-0.00000003,0.02276689,0.00000050
0.00240000,0.00009714,97.14238114,360.79311717,0.00000000,0.94366422,1.54026665,2.28856575,2.23792139,9.01608442,-0.00000003,0.02274031,0.00000050
0.00242500,0.00009708,97.07678908,361.27756824,0.00000000,0.94239030,1.53832861,2.28848268,2.22975836,9.53492106,-0.00000003,0.02271354,0.00000051
0.00245000,0.00009701,97.00993291,361.75698373,0.00000000,0.94109271,1.53638194,2.28839762,2.22157814,10.09966220,-0.00000003,0.02268657,0.00000052
0.00247500,0.00009694,96.94177086,362.23119421,0.00000000,0.93977069,1.53442629,2.28831051,2.21338066,10.71627085,-0.00000003,0.02265939,0.00000053
0.00250000,0.00009687,96.87225776,362.70001554,0.00000000,0.93842343,1.53246125,2.28822126,2.20516592,11.39175142,-0.00000003,0.02263200,0.00000054
0.00252500,0.00009680,96.80134462,363.16324714,0.00000000,0.93705003,1.53048642,2.28812980,2.19693398,12.13438078,-0.00000003,0.02260439,0.00000055
0.00255000,0.00009673,96.72897817,363.62066983,0.00000000,0.93564952,1.52850133,2.28803602,2.18868502,12.95400228,-0.00000003,0.02257655,0.00000057
0.00257500,0.00009666,96.65510032,364.07204343,0.00000000,0.93422084,1.52650549,2.28793983,2.18041940,13.86240309,-0.00000003,0.02254848,0.00000058
0.00260000,0.00009658,96.57964747,364.51710392,0.00000000,0.93276283,1.52449836,2.28784112,2.17213763,14.87380338,-0.00000003,0.02252016,0.00000059
0.00262500,0.00009650,96.50254975,364.95556003,0.00000000,0.93127421,1.52247936,2.28773977,2.16384050,16.00549679,-0.00000003,0.02249158,0.00000060
0.00265000,0.00009642,96.42373015,365.38708923,0.00000000,0.92975357,1.52044782,2.28763566,2.15552914,17.27869871,-0.00000003,0.02246274,0.00000061
0.00267500,0.00009634,96.34310339,365.81133299,0.00000000,0.92819936,1.51840304,2.28752862,2.14720507,18.71968316,-0.00000003,0.02243362,0.00000063
0.00270000,0.00009626,96.26057467,366.22789097,0.00000000,0.92660982,1.51634423,2.28741852,2.13887040,20.36132664,-0.00000003,0.02240420,0.00000064
0.00272500,0.00009618,96.17603801,366.63631407,0.00000000,0.92498303,1.51427050,2.28730515,2.13052793,22.24523431,-0.00000003,0.02237448,0.00000066
0.00275000,0.00009609,96.08937442,367.03609586,0.00000000,0.92331679,1.51218088,2.28718833,2.12218137,24.42471359,-0.00000003,0.02234442,0.00000067
0.00277500,0.00009600,96.00044945,367.42666215,0.00000000,0.92160863,1.51007425,2.28706782,2.11383567,26.96900308,-0.00000004,0.02231402,0.00000069
0.00280000,0.00009591,95.90911033,367.80735790,0.00000000,0.91985574,1.50794935,2.28694337,2.10549734,29.96939705,-0.00000004,0.02228325,0.00000071
0.00282500,0.00009582,95.81518224,368.17743096,0.00000000,0.91805491,1.50580476,2.28681468,2.09717497,33.54829320,-0.00000004,0.02225208,0.00000073
0.00285000,0.00009572,95.71846375,368.53601147,0.00000000,0.91620243,1.50363882,2.28668141,2.08887995,37.87285081,-0.00000004,0.02222048,0.00000075
0.00287500,0.00009562,95.61872088,368.88208567,0.00000000,0.91429398,1.50144964,2.28654317,2.08062743,43.17609735,-0.00000004,0.02218842,0.00000078
0.00290000,0.00009552,95.51567968,369.21446241,0.00000000,0.91232451,1.49923500,2.28639949,2.07243765,49.79037800,-0.00000004,0.02215585,0.00000080
0.00292500,0.00009541,95.40901651,369.53173005,0.00000000,0.91028804,1.49699227,2.28624983,2.06433792,58.20179721,-0.00000004,0.02212273,0.00000083
0.00295000,0.00009530,95.29834581,369.83220130,0.00000000,0.90817747,1.49471835,2.28609355,2.05636534,69.14126783,-0.00000004,0.02208900,0.00000086
0.00297500,0.00009518,95.18320459,370.11384366,0.00000000,0.90598424,1.49240951,2.28592986,2.04857089,83.74072949,-0.00000005,0.02205459,0.00000090
0.00300000,0.00009506,95.06303383,370.37419561,0.00000000,0.90369804,1.49006128,2.28575783,2.04102521,103.80632913,-0.00000005,0.02201942,0.00000093
0.00302500,0.00009494,94.93715888,370.61027763,0.00000000,0.90130641,1.48766824,2.28557632,2.03382689,132.29637003,-0.00000005,0.02198338,0.00000098
0.00305000,0.00009480,94.80477698,370.81853412,0.00000000,0.89879457,1.48522397,2.28538399,2.02711327,174.11626426,-0.00000005,0.02194635,0.00000103
0.00307500,0.00009466,94.66497644,370.99491545,0.00000000,0.89614578,1.48272119,2.28517930,2.02107151,237.17896861,-0.00000006,0.02190819,0.00000109
0.00310000,0.00009452,94.51684959,371.13537811,0.00000000,0.89334349,1.48015260,2.28496072,2.01593910,332.55592980,-0.00000006,0.02186877,0.00000115
0.00312500,0.00009436,94.35981504,371.23732216,0.00000000,0.89037747,1.47751338,2.28472726,2.01196309,468.78038835,-0.00000006,0.02182800,0.00000122
0.00315000,0.00009419,94.19420228,371.30221168,0.00000000,0.88725477,1.47480580,2.28447942,2.00927705,633.45356368,-0.00000006,0.02178592,0.00000128
0.00317500,0.00009402,94.02166961,371.33746510,0.00000000,0.88400744,1.47204243,2.28421993,2.00774807,782.52799452,-0.00000007,0.02174278,0.00000132
0.00320000,0.00009384,93.84464386,371.35396655,0.00000000,0.88068172,1.46924187,2.28395278,2.00700918,879.29878257,-0.00000007,0.02169895,0.00000134
0.00322500,0.00009367,93.66516894,371.36090379,0.00000000,0.87731639,1.46641984,2.28368135,2.00669074,927.49797303,-0.00000007,0.02165473,0.00000135
0.00325000,0.00009348,93.48443139,371.36362459,0.00000000,0.87393389,1.46358546,2.28340761,2.00656137,947.87253452,-0.00000007,0.02161030,0.00000135
0.00327500,0.00009330,93.30298298,371.36462513,0.00000000,0.87054466,1.46074297,2.28313247,2.00650973,955.59149004,-0.00000007,0.02156573,0.00000136
0.00330000,0.00009312,93.12105275,371.36494859,0.00000000,0.86715305,1.45789412,2.28285631,2.00648875,958.11378659,-0.00000007,0.02152107,0.00000136
0.00332500,0.00009294,92.93873045,371.36500977,0.00000000,0.86376076,1.45503959,2.28257927,2.00647963,958.59237301,-0.00000007,0.02147633,0.00000136
0.00335000,0.00009276,92.75604976,371.36497005,0.00000000,0.86036848,1.45217963,2.28230141,2.00647505,958.28165499,-0.00000007,0.02143150,0.00000136
0.00337500,0.00009257,92.57302242,371.36489158,0.00000000,0.85697645,1.44931431,2.28202275,2.00647220,957.66826178,-0.00000007,0.02138661,0.00000136
0.00340000,0.00009239,92.38965172,371.36479812,0.00000000,0.85358477,1.44644364,2.28174329,2.00647000,956.93880713,-0.00000007,0.02134163,0.00000136
0.00342500,0.00009221,92.20593767,371.36469875,0.00000000,0.85019349,1.44356760,2.28146303,2.00646803,956.16440320,-0.00000007,0.02129658,0.00000136
0.00345000,0.00009202,92.02187904,371.36459691,0.00000000,0.84680262,1.44068617,2.28118196,2.00646615,955.37202901,-0.00000007,0.02125145,0.00000136
0.00347500,0.00009184,91.83747412,371.36449389,0.00000000,0.84341217,1.43779932,2.28090008,2.00646430,954.57188009,-0.00000007,0.02120625,0.00000136
0.00350000,0.00009165,91.65272098,371.36439020,0.00000000,0.84002213,1.43490702,2.28061739,2.00646245,953.76779280,-0.00000007,0.02116096,0.00000136
0.00352500,0.00009147,91.46761764,371.36428600,0.00000000,0.83663251,1.43200924,2.28033387,2.00646059,952.96120196,-0.00000007,0.02111560,0.00000136
0.00355000,0.00009128,91.28216203,371.36418138,0.00000000,0.83324331,1.42910594,2.28004953,2.00645871,952.15263831,-0.00000007,0.02107017,0.00000136
0.00357500,0.00009110,91.09635208,371.36407635,0.00000000,0.82985454,1.42619709,2.27976435,2.00645683,951.34229327,-0.00000007,0.02102465,0.00000136
0.00360000,0.00009091,90.91018568,371.36397091,0.00000000,0.82646619,1.42328266,2.27947834,2.00645494,950.53023124,-0.00000007,0.02097905,0.00000136
0.00362500,0.00009072,90.72366072,371.36386508,0.00000000,0.82307826,1.42036262,2.27919148,2.00645304,949.71646918,-0.00000007,0.02093338,0.00000136
0.00365000,0.00009054,90.53677505,371.36375884,0.00000000,0.81969076,1.41743694,2.27890376,2.00645112,948.90100635,-0.00000007,0.02088762,0.00000135
0.00367500,0.00009035,90.34952650,371.36365219,0.00000000,0.81630369,1.41450557,2.27861520,2.00644919,948.08383540,-0.00000007,0.02084178,0.00000135
0.00370000,0.00009016,90.16191287,371.36354514,0.00000000,0.81291705,1.41156848,2.27832577,2.00644725,947.26494641,-0.00000007,0.02079586,0.00000135
0.00372500,0.00008997,89.97393196,371.36343767,0.00000000,0.80953084,1.40862565,2.27803547,2.00644529,946.44432849,-0.00000007,0.02074986,0.00000135
0.00375000,0.00008979,89.78558153,371.36332980,0.00000000,0.80614507,1.40567703,2.27774429,2.00644333,945.62197028,-0.00000007,0.02070378,0.00000135
0.00377500,0.00008960,89.59685933,371.36322150,0.00000000,0.80275972,1.40272259,2.27745224,2.00644135,944.79786018,-0.00000007,0.02065762,0.00000135
0.00380000,0.00008941,89.40776307,371.36311278,0.00000000,0.79937481,1.39976229,2.27715930,2.00643936,943.97198642,-0.00000007,0.02061137,0.00000135
0.00382500,0.00008922,89.21829044,371.36300364,0.00000000,0.79599033,1.39679610,2.27686546,2.00643735,943.14433710,-0.00000006,0.02056504,0.00000135
0.00385000,0.00008903,89.02843913,371.36289407,0.00000000,0.79260630,1.39382398,2.27657072,2.00643533,942.31490016,-0.00000006,0.02051862,0.00000135
0.00387500,0.00008884,88.83820678,371.36278407,0.00000000,0.78922270,1.39084590,2.27627508,2.00643330,941.48366342,-0.00000006,0.02047212,0.00000135
0.00390000,0.00008865,88.64759101,371.36267363,0.00000000,0.78583954,1.38786181,2.27597852,2.00643126,940.65061455,-0.00000006,0.02042554,0.00000135
0.00392500,0.00008846,88.45658941,371.36256276,0.00000000,0.78245682,1.38487169,2.27568104,2.00642920,939.81574111,-0.00000006,0.02037887,0.00000135
0.00395000,0.00008827,88.26519958,371.36245145,0.00000000,0.77907455,1.38187548,2.27538264,2.00642713,938.97903049,-0.00000006,0.02033211,0.00000135
0.00397500,0.00008807,88.07341904,371.36233969,0.00000000,0.77569271,1.37887316,2.27508330,2.00642504,938.14046995,-0.00000006,0.02028527,0.00000135
0.00400000,0.00008788,87.88124532,371.36222748,0.00000000,0.77231133,1.37586468,2.27478302,2.00642295,937.30004663,-0.00000006,0.02023833,0.00000135
0.00402500,0.00008769,87.68867592,371.36211482,0.00000000,0.76893039,1.37285001,2.27448179,2.00642083,936.45774748,-0.00000006,0.02019132,0.00000135
0.00405000,0.00008750,87.49570831,371.36200170,0.00000000,0.76554990,1.36982910,2.27417961,2.00641871,935.61355933,-0.00000006,0.02014421,0.00000135
0.00407500,0.00008730,87.30233992,371.36188813,0.00000000,0.76216986,1.36680192,2.27387647,2.00641657,934.76746887,-0.00000006,0.02009701,0.00000135
0.00410000,0.00008711,87.10856817,371.36177409,0.00000000,0.75879026,1.36376842,2.27357235,2.00641441,933.91946260,-0.00000006,0.02004973,0.00000135
0.00412500,0.00008691,86.91439044,371.36165958,0.00000000,0.75541113,1.36072857,2.27326726,2.00641224,933.06952690,-0.00000006,0.02000235,0.00000135
0.00415000,0.00008672,86.71980410,371.36154461,0.00000000,0.75203244,1.35768232,2.27296119,2.00641006,932.21764798,-0.00000006,0.01995488,0.00000135
0.00417500,0.00008652,86.52480646,371.36142916,0.00000000,0.74865421,1.35462963,2.27265412,2.00640786,931.36381188,-0.00000006,0.01990733,0.00000135
0.00420000,0.00008633,86.32939484,371.36131323,0.00000000,0.74527644,1.35157046,2.27234606,2.00640565,930.50800450,-0.00000006,0.01985968,0.00000135
0.00422500,0.00008613,86.13356649,371.36119682,0.00000000,0.74189913,1.34850476,2.27203698,2.00640342,929.65021155,-0.00000006,0.01981193,0.00000135
0.00425000,0.00008594,85.93731865,371.36107992,0.00000000,0.73852227,1.34543250,2.27172690,2.00640118,928.79041859,-0.00000006,0.01976410,0.00000135
0.00427500,0.00008574,85.74064854,371.36096253,0.00000000,0.73514588,1.34235363,2.27141579,2.00639892,927.92861099,-0.00000006,0.01971617,0.00000135
0.00430000,0.00008554,85.54355333,371.36084464,0.00000000,0.73176995,1.33926810,2.27110365,2.00639664,927.06477397,-0.00000006,0.01966815,0.00000135
0.00432500,0.00008535,85.34603017,371.36072626,0.00000000,0.72839449,1.33617587,2.27079047,2.00639435,926.19889257,-0.00000006,0.01962003,0.00000135
0.00435000,0.00008515,85.14807616,371.36060737,0.00000000,0.72501949,1.33307689,2.27047624,2.00639205,925.33095162,-0.00000006,0.01957181,0.00000135
0.00437500,0.00008495,84.94968839,371.36048798,0.00000000,0.72164496,1.32997113,2.27016096,2.00638973,924.46093581,-0.00000006,0.01952350,0.00000135
0.00440000,0.00008475,84.75086390,371.36036807,0.00000000,0.71827089,1.32685852,2.26984462,2.00638739,923.58882962,-0.00000006,0.01947510,0.00000135
0.00442500,0.00008455,84.55159972,371.36024765,0.00000000,0.71489730,1.32373904,2.26952720,2.00638504,922.71461734,-0.00000006,0.01942659,0.00000135
0.00445000,0.00008435,84.35189280,371.36012670,0.00000000,0.71152418,1.32061262,2.26920871,2.00638267,921.83828308,-0.00000006,0.01937799,0.00000135
0.00447500,0.00008415,84.15174011,371.36000523,0.00000000,0.70815154,1.31747922,2.26888912,2.00638028,920.95981076,-0.00000006,0.01932929,0.00000135
0.00450000,0.00008395,83.95113855,371.35988323,0.00000000,0.70477937,1.31433879,2.26856843,2.00637788,920.07918408,-0.00000006,0.01928049,0.00000135
0.00452500,0.00008375,83.75008498,371.35976070,0.00000000,0.70140767,1.31119129,2.26824664,2.00637546,919.19638655,-0.00000006,0.01923159,0.00000135
0.00455000,0.00008355,83.54857626,371.35963762,0.00000000,0.69803646,1.30803666,2.26792373,2.00637303,918.31140147,-0.00000006,0.01918259,0.00000135
0.00457500,0.00008335,83.34660916,371.35951400,0.00000000,0.69466573,1.30487486,2.26759970,2.00637057,917.42421196,-0.00000006,0.01913349,0.00000135
0.00460000,0.00008314,83.14418047,371.35938984,0.00000000,0.69129547,1.30170583,2.26727453,2.00636810,916.53480088,-0.00000006,0.01908428,0.00000135
0.00462500,0.00008294,82.94128689,371.35926511,0.00000000,0.68792571,1.29852952,2.26694822,2.00636562,915.64315091,-0.00000006,0.01903497,0.00000135
0.00465000,0.00008274,82.73792511,371.35913983,0.00000000,0.68455643,1.29534588,2.26662075,2.00636311,914.74924450,-0.00000006,0.01898556,0.00000135
0.00467500,0.00008253,82.53409177,371.35901399,0.00000000,0.68118763,1.29215486,2.26629212,2.00636059,913.85306387,-0.00000006,0.01893604,0.00000135
0.00470000,0.00008233,82.32978349,371.35888757,0.00000000,0.67781932,1.28895640,2.26596232,2.00635805,912.95459102,-0.00000006,0.01888642,0.00000135
0.00472500,0.00008212,82.12499681,371.35876058,0.00000000,0.67445151,1.28575045,2.26563133,2.00635549,912.05380771,-0.00000006,0.01883669,0.00000135
0.00475000,0.00008192,81.91972826,371.35863301,0.00000000,0.67108419,1.28253696,2.26529915,2.00635291,911.15069548,-0.00000006,0.01878686,0.00000135
0.00477500,0.00008171,81.71397432,371.35850486,0.00000000,0.66771736,1.27931586,2.26496577,2.00635031,910.24523562,-0.00000006,0.01873692,0.00000135
0.00480000,0.00008151,81.50773142,371.35837611,0.00000000,0.66435103,1.27608712,2.26463117,2.00634770,909.33740917,-0.00000006,0.01868687,0.00000135
0.00482500,0.00008130,81.30099595,371.35824677,0.00000000,0.66098519,1.27285066,2.26429535,2.00634506,908.42719694,-0.00000006,0.01863671,0.00000135
0.00485000,0.00008109,81.09376425,371.35811683,0.00000000,0.65761986,1.26960643,2.26395829,2.00634241,907.51457946,-0.00000006,0.01858644,0.00000135
0.00487500,0.00008089,80.88603264,371.35798628,0.00000000,0.65425503,1.26635437,2.26361999,2.00633974,906.59953702,-0.00000006,0.01853606,0.00000135
0.00490000,0.00008068,80.67779735,371.35785511,0.00000000,0.65089070,1.26309443,2.26328043,2.00633704,905.68204965,-0.00000006,0.01848557,0.00000135
0.00492500,0.00008047,80.46905460,371.35772333,0.00000000,0.64752687,1.25982655,2.26293961,2.00633433,904.76209710,-0.00000006,0.01843497,0.00000135
0.00495000,0.00008026,80.25980054,371.35759092,0.00000000,0.64416356,1.25655066,2.26259750,2.00633160,903.83965886,-0.00000006,0.01838425,0.00000135
0.00497500,0.00008005,80.05003129,371.35745789,0.00000000,0.64080075,1.25326670,2.26225411,2.00632885,902.91471413,-0.00000006,0.01833342,0.00000135
0.00500000,0.00007984,79.83974290,371.35732421,0.00000000,0.63743845,1.24997462,2.26190941,2.00632607,901.98724185,-0.00000006,0.01828248,0.00000134
0.00502500,0.00007963,79.62893139,371.35718989,0.00000000,0.63407667,1.24667434,2.26156340,2.00632328,901.05722064,-0.00000006,0.01823142,0.00000134
0.00505000,0.00007942,79.41759270,371.35705493,0.00000000,0.63071540,1.24336581,2.26121607,2.00632047,900.12462884,-0.00000006,0.01818024,0.00000134
0.00507500,0.00007921,79.20572275,371.35691930,0.00000000,0.62735465,1.24004897,2.26086740,2.00631763,899.18944451,-0.00000006,0.01812895,0.00000134
0.00510000,0.00007899,78.99331739,371.35678302,0.00000000,0.62399442,1.23672374,2.26051737,2.00631477,898.25164538,-0.00000006,0.01807753,0.00000134
0.00512500,0.00007878,78.78037241,371.35664607,0.00000000,0.62063471,1.23339006,2.26016599,2.00631189,897.31120888,-0.00000006,0.01802600,0.00000134
0.00515000,0.00007857,78.56688356,371.35650844,0.00000000,0.61727552,1.23004787,2.25981323,2.00630899,896.36811212,-0.00000006,0.01797435,0.00000134
0.00517500,0.00007835,78.35284652,371.35637013,0.00000000,0.61391686,1.22669710,2.25945909,2.00630607,895.42233189,-0.00000006,0.01792257,0.00000134
0.00520000,0.00007814,78.13825692,371.35623113,0.00000000,0.61055872,1.22333767,2.25910354,2.00630313,894.47384465,-0.00000006,0.01787068,0.00000134
0.00522500,0.00007792,77.92311033,371.35609143,0.00000000,0.60720111,1.21996953,2.25874658,2.00630016,893.52262652,-0.00000006,0.01781866,0.00000134
0.00525000,0.00007771,77.70740225,371.35595103,0.00000000,0.60384404,1.21659259,2.25838820,2.00629717,892.56865329,-0.00000006,0.01776652,0.00000134
0.00527500,0.00007749,77.49112814,371.35580992,0.00000000,0.60048749,1.21320679,2.25802837,2.00629416,891.61190038,-0.00000006,0.01771425,0.00000134
0.00530000,0.00007727,77.27428338,371.35566810,0.00000000,0.59713149,1.20981206,2.25766709,2.00629112,890.65234288,-0.00000006,0.01766185,0.00000134
0.00532500,0.00007706,77.05686330,371.35552555,0.00000000,0.59377602,1.20640832,2.25730434,2.00628806,889.68995550,-0.00000006,0.01760933,0.00000134
0.00535000,0.00007684,76.83886315,371.35538226,0.00000000,0.59042109,1.20299550,2.25694011,2.00628498,888.72471258,-0.00000006,0.01755668,0.00000134
0.00537500,0.00007662,76.62027813,371.35523824,0.00000000,0.58706670,1.19957352,2.25657439,2.00628187,887.75658809,-0.00000006,0.01750391,0.00000134
0.00540000,0.00007640,76.40110336,371.35509347,0.00000000,0.58371286,1.19614231,2.25620715,2.00627873,886.78555560,-0.00000006,0.01745100,0.00000134
0.00542500,0.00007618,76.18133391,371.35494794,0.00000000,0.58035956,1.19270179,2.25583839,2.00627558,885.81158830,-0.00000005,0.01739796,0.00000134
0.00545000,0.00007596,75.96096475,371.35480165,0.00000000,0.57700682,1.18925188,2.25546808,2.00627239,884.83465897,-0.00000005,0.01734479,0.00000134
0.00547500,0.00007574,75.73999082,371.35465459,0.00000000,0.57365462,1.18579250,2.25509623,2.00626919,883.85473999,-0.00000005,0.01729148,0.00000134
0.00550000,0.00007552,75.51840694,371.35450675,0.00000000,0.57030298,1.18232357,2.25472279,2.00626595,882.87180331,-0.00000005,0.01723804,0.00000134
0.00552500,0.00007530,75.29620790,371.35435811,0.00000000,0.56695189,1.17884501,2.25434778,2.00626269,881.88582046,-0.00000005,0.01718446,0.00000134
0.00555000,0.00007507,75.07338839,371.35420869,0.00000000,0.56360136,1.17535673,2.25397116,2.00625941,880.89676253,-0.00000005,0.01713075,0.00000134
0.00557500,0.00007485,74.84994302,371.35405845,0.00000000,0.56025140,1.17185866,2.25359291,2.00625609,879.90460015,-0.00000005,0.01707690,0.00000134
0.00560000,0.00007463,74.62586634,371.35390741,0.00000000,0.55690199,1.16835070,2.25321304,2.00625275,878.90930353,-0.00000005,0.01702291,0.00000134
0.00562500,0.00007440,74.40115281,371.35375553,0.00000000,0.55355315,1.16483277,2.25283151,2.00624939,877.91084237,-0.00000005,0.01696878,0.00000134
0.00565000,0.00007418,74.17579681,371.35360283,0.00000000,0.55020488,1.16130479,2.25244831,2.00624599,876.90918594,-0.00000005,0.01691451,0.00000134
0.00567500,0.00007395,73.94979263,371.35344928,0.00000000,0.54685718,1.15776665,2.25206342,2.00624257,875.90430298,-0.00000005,0.01686009,0.00000134
0.00570000,0.00007372,73.72313448,371.35329488,0.00000000,0.54351006,1.15421828,2.25167683,2.00623912,874.89616178,-0.00000005,0.01680553,0.00000134
0.00572500,0.00007350,73.49581648,371.35313963,0.00000000,0.54016350,1.15065957,2.25128852,2.00623564,873.88473007,-0.00000005,0.01675083,0.00000134
0.00575000,0.00007327,73.26783267,371.35298350,0.00000000,0.53681753,1.14709044,2.25089846,2.00623213,872.86997511,-0.00000005,0.01669598,0.00000134
0.00577500,0.00007304,73.03917699,371.35282649,0.00000000,0.53347214,1.14351080,2.25050665,2.00622860,871.85186359,-0.00000005,0.01664098,0.00000134
0.00580000,0.00007281,72.80984329,371.35266858,0.00000000,0.53012733,1.13992053,2.25011305,2.00622503,870.83036170,-0.00000005,0.01658583,0.00000134
0.00582500,0.00007258,72.57982533,371.35250978,0.00000000,0.52678310,1.13631956,2.24971766,2.00622143,869.80543503,-0.00000005,0.01653053,0.00000134
0.00585000,0.00007235,72.34911677,371.35235007,0.00000000,0.52343947,1.13270777,2.24932045,2.00621780,868.77704864,-0.00000005,0.01647508,0.00000134
0.00587500,0.00007212,72.11771116,371.35218943,0.00000000,0.52009643,1.12908507,2.24892141,2.00621414,867.74516698,-0.00000005,0.01641947,0.00000134
0.00590000,0.00007189,71.88560197,371.35202786,0.00000000,0.51675398,1.12545135,2.24852051,2.00621045,866.70975394,-0.00000005,0.01636371,0.00000134
0.00592500,0.00007165,71.65278256,371.35186535,0.00000000,0.51341212,1.12180651,2.24811773,2.00620673,865.67077276,-0.00000005,0.01630779,0.00000134
0.00595000,0.00007142,71.41924616,371.35170188,0.00000000,0.51007087,1.11815045,2.24771305,2.00620298,864.62818611,-0.00000005,0.01625172,0.00000134
0.00597500,0.00007118,71.18498593,371.35153744,0.00000000,0.50673022,1.11448306,2.24730646,2.00619919,863.58195597,-0.00000005,0.01619548,0.00000134
0.00600000,0.00007095,70.94999490,371.35137202,0.00000000,0.50339018,1.11080422,2.24689792,2.00619537,862.53204372,-0.00000005,0.01613909,0.00000134
0.00602500,0.00007071,70.71426599,371.35120562,0.00000000,0.50005074,1.10711383,2.24648742,2.00619152,861.47841003,-0.00000005,0.01608253,0.00000134
0.00605000,0.00007048,70.47779200,371.35103821,0.00000000,0.49671192,1.10341178,2.24607493,2.00618763,860.42101492,-0.00000005,0.01602581,0.00000134
0.00607500,0.00007024,70.24056562,371.35086978,0.00000000,0.49337371,1.09969795,2.24566044,2.00618371,859.35981769,-0.00000005,0.01596892,0.00000134
0.00610000,0.00007000,70.00257940,371.35070033,0.00000000,0.49003611,1.09597222,2.24524391,2.00617975,858.29477694,-0.00000005,0.01591187,0.00000133
0.00612500,0.00006976,69.76382581,371.35052984,0.00000000,0.48669914,1.09223447,2.24482533,2.00617576,857.22585051,-0.00000005,0.01585464,0.00000133
0.00615000,0.00006952,69.52429714,371.35035829,0.00000000,0.48336279,1.08848459,2.24440467,2.00617173,856.15299553,-0.00000005,0.01579725,0.00000133
0.00617500,0.00006928,69.28398559,371.35018568,0.00000000,0.48002707,1.08472246,2.24398190,2.00616767,855.07616833,-0.00000005,0.01573968,0.00000133
0.00620000,0.00006904,69.04288320,371.35001198,0.00000000,0.47669197,1.08094794,2.24355701,2.00616356,853.99532445,-0.00000005,0.01568194,0.00000133
0.00622500,0.00006880,68.80098190,371.34983719,0.00000000,0.47335751,1.07716091,2.24312996,2.00615943,852.91041864,-0.00000005,0.01562403,0.00000133
0.00625000,0.00006856,68.55827346,371.34966130,0.00000000,0.47002369,1.07336125,2.24270074,2.00615525,851.82140480,-0.00000005,0.01556593,0.00000133
0.00627500,0.00006831,68.31474953,371.34948428,0.00000000,0.46669050,1.06954882,2.24226930,2.00615103,850.72823600,-0.00000005,0.01550766,0.00000133
0.00630000,0.00006807,68.07040158,371.34930612,0.00000000,0.46335796,1.06572349,2.24183563,2.00614678,849.63086442,-0.00000005,0.01544921,0.00000133
0.00632500,0.00006783,67.82522096,371.34912681,0.00000000,0.46002606,1.06188512,2.24139971,2.00614249,848.52924134,-0.00000005,0.01539057,0.00000133
0.00635000,0.00006758,67.57919885,371.34894633,0.00000000,0.45669481,1.05803358,2.24096149,2.00613815,847.42331716,-0.00000005,0.01533175,0.00000133
0.00637500,0.00006733,67.33232629,371.34876467,0.00000000,0.45336422,1.05416872,2.24052096,2.00613378,846.31304129,-0.00000005,0.01527274,0.00000133
0.00640000,0.00006708,67.08459415,371.34858181,0.00000000,0.45003428,1.05029040,2.24007808,2.00612936,845.19836220,-0.00000005,0.01521355,0.00000133
0.00642500,0.00006684,66.83599313,371.34839773,0.00000000,0.44670500,1.04639849,2.23963282,2.00612490,844.07922736,-0.00000005,0.01515416,0.00000133
0.00645000,0.00006659,66.58651376,371.34821242,0.00000000,0.44337638,1.04249281,2.23918516,2.00612040,842.95558323,-0.00000005,0.01509458,0.00000133
0.00647500,0.00006634,66.33614640,371.34802587,0.00000000,0.44004843,1.03857324,2.23873505,2.00611586,841.82737520,-0.00000005,0.01503480,0.00000133
0.00650000,0.00006608,66.08488125,371.34783804,0.00000000,0.43672115,1.03463961,2.23828249,2.00611127,840.69454762,-0.00000005,0.01497483,0.00000133
0.00652500,0.00006583,65.83270829,371.34764893,0.00000000,0.43339455,1.03069177,2.23782742,2.00610664,839.55704370,-0.00000005,0.01491465,0.00000133
0.00655000,0.00006558,65.57961735,371.34745852,0.00000000,0.43006862,1.02672955,2.23736981,2.00610196,838.41480553,-0.00000005,0.01485428,0.00000133
0.00657500,0.00006533,65.32559804,371.34726679,0.00000000,0.42674338,1.02275280,2.23690964,2.00609724,837.26777404,-0.00000005,0.01479370,0.00000133
0.00660000,0.00006507,65.07063978,371.34707372,0.00000000,0.42341882,1.01876135,2.23644687,2.00609247,836.11588895,-0.00000005,0.01473292,0.00000133
0.00662500,0.00006481,64.81473180,371.34687929,0.00000000,0.42009495,1.01475503,2.23598146,2.00608765,834.95908876,-0.00000005,0.01467193,0.00000133
0.00665000,0.00006456,64.55786311,371.34668349,0.00000000,0.41677177,1.01073367,2.23551338,2.00608278,833.79731068,-0.00000005,0.01461072,0.00000133
0.00667500,0.00006430,64.30002250,371.34648628,0.00000000,0.41344929,1.00669709,2.23504259,2.00607787,832.63049063,-0.00000005,0.01454931,0.00000133
0.00670000,0.00006404,64.04119855,371.34628766,0.00000000,0.41012751,1.00264512,2.23456905,2.00607290,831.45856319,-0.00000005,0.01448768,0.00000133
0.00672500,0.00006378,63.78137961,371.34608759,0.00000000,0.40680644,0.99857757,2.23409273,2.00606789,830.28146155,-0.00000005,0.01442582,0.00000133
0.00675000,0.00006352,63.52055380,371.34588607,0.00000000,0.40348608,0.99449425,2.23361359,2.00606282,829.09911748,-0.00000005,0.01436375,0.00000133
0.00677500,0.00006326,63.25870900,371.34568306,0.00000000,0.40016643,0.99039498,2.23313159,2.00605770,827.91146130,-0.00000005,0.01430146,0.00000133
0.00680000,0.00006300,62.99583284,371.34547854,0.00000000,0.39684750,0.98627956,2.23264668,2.00605253,826.71842180,-0.00000004,0.01423894,0.00000133
0.00682500,0.00006273,62.73191271,371.34527250,0.00000000,0.39352929,0.98214780,2.23215883,2.00604730,825.51992622,-0.00000004,0.01417619,0.00000133
0.00685000,0.00006247,62.46693572,371.34506490,0.00000000,0.39021181,0.97799949,2.23166799,2.00604202,824.31590022,-0.00000004,0.01411321,0.00000133
0.00687500,0.00006220,62.20088873,371.34485573,0.00000000,0.38689506,0.97383443,2.23117412,2.00603668,823.10626780,-0.00000004,0.01404999,0.00000133
0.00690000,0.00006193,61.93375830,371.34464495,0.00000000,0.38357904,0.96965241,2.23067717,2.00603129,821.89095125,-0.00000004,0.01398654,0.00000133
0.00692500,0.00006167,61.66553075,371.34443255,0.00000000,0.38026377,0.96545320,2.23017711,2.00602583,820.66987111,-0.00000004,0.01392285,0.00000133
0.00695000,0.00006140,61.39619206,371.34421850,0.00000000,0.37694924,0.96123661,2.22967388,2.00602032,819.44294613,-0.00000004,0.01385891,0.00000133
0.00697500,0.00006113,61.12572794,371.34400277,0.00000000,0.37363546,0.95700239,2.22916743,2.00601475,818.21009318,-0.00000004,0.01379473,0.00000133
0.00700000,0.00006085,60.85412378,371.34378533,0.00000000,0.37032244,0.95275032,2.22865772,2.00600912,816.97122719,-0.00000004,0.01373030,0.00000133
0.00702500,0.00006058,60.58136465,371.34356615,0.00000000,0.36701017,0.94848017,2.22814470,2.00600342,815.72626114,-0.00000004,0.01366561,0.00000132
0.00705000,0.00006031,60.30743528,371.34334522,0.00000000,0.36369867,0.94419170,2.22762831,2.00599767,814.47510594,-0.00000004,0.01360067,0.00000132
0.00707500,0.00006003,60.03232008,371.34312249,0.00000000,0.36038795,0.93988466,2.22710850,2.00599184,813.21767037,-0.00000004,0.01353547,0.00000132
0.00710000,0.00005976,59.75600309,371.34289793,0.00000000,0.35707799,0.93555881,2.22658522,2.00598596,811.95386104,-0.00000004,0.01347001,0.00000132
0.00712500,0.00005948,59.47846801,371.34267153,0.00000000,0.35376882,0.93121388,2.22605842,2.00598000,810.68358229,-0.00000004,0.01340428,0.00000132
0.00715000,0.00005920,59.19969815,371.34244324,0.00000000,0.35046043,0.92684963,2.22552804,2.00597398,809.40673612,-0.00000004,0.01333828,0.00000132
0.00717500,0.00005892,58.91967643,371.34221303,0.00000000,0.34715283,0.92246577,2.22499401,2.00596789,808.12322212,-0.00000004,0.01327200,0.00000132
0.00720000,0.00005864,58.63838540,371.34198088,0.00000000,0.34384602,0.91806204,2.22445629,2.00596173,806.83293738,-0.00000004,0.01320545,0.00000132
0.00722500,0.00005836,58.35580716,371.34174673,0.00000000,0.34054002,0.91363816,2.22391480,2.00595549,805.53577640,-0.00000004,0.01313862,0.00000132
0.00725000,0.00005807,58.07192341,371.34151057,0.00000000,0.33723483,0.90919383,2.22336949,2.00594918,804.23163099,-0.00000004,0.01307150,0.00000132
0.00727500,0.00005779,57.78671541,371.34127235,0.00000000,0.33393045,0.90472878,2.22282029,2.00594280,802.92039022,-0.00000004,0.01300409,0.00000132
0.00730000,0.00005750,57.50016396,371.34103204,0.00000000,0.33062689,0.90024269,2.22226714,2.00593634,801.60194025,-0.00000004,0.01293639,0.00000132
0.00732500,0.00005721,57.21224939,371.34078960,0.00000000,0.32732415,0.89573526,2.22170997,2.00592981,800.27616430,-0.00000004,0.01286839,0.00000132
0.00735000,0.00005692,56.92295155,371.34054498,0.00000000,0.32402224,0.89120617,2.22114871,2.00592319,798.94294249,-0.00000004,0.01280009,0.00000132
0.00737500,0.00005663,56.63224977,371.34029816,0.00000000,0.32072117,0.88665510,2.22058328,2.00591649,797.60215174,-0.00000004,0.01273148,0.00000132
0.00740000,0.00005634,56.34012288,371.34004908,0.00000000,0.31742094,0.88208171,2.22001362,2.00590972,796.25366567,-0.00000004,0.01266256,0.00000132
0.00742500,0.00005605,56.04654917,371.33979770,0.00000000,0.31412157,0.87748568,2.21943965,2.00590285,794.89735446,-0.00000004,0.01259333,0.00000132
0.00745000,0.00005575,55.75150635,371.33954399,0.00000000,0.31082305,0.87286664,2.21886129,2.00589590,793.53308471,-0.00000004,0.01252377,0.00000132
0.00747500,0.00005545,55.45497157,371.33928789,0.00000000,0.30752539,0.86822425,2.21827846,2.00588886,792.16071932,-0.00000004,0.01245389,0.00000132
0.00750000,0.00005516,55.15692138,371.33902936,0.00000000,0.30422860,0.86355813,2.21769108,2.00588174,790.78011735,-0.00000004,0.01238368,0.00000132
0.00752500,0.00005486,54.85733169,371.33876835,0.00000000,0.30093268,0.85886790,2.21709906,2.00587452,789.39113385,-0.00000004,0.01231313,0.00000132
0.00755000,0.00005456,54.55617778,371.33850481,0.00000000,0.29763765,0.85415319,2.21650232,2.00586721,787.99361971,-0.00000004,0.01224224,0.00000132
0.00757500,0.00005425,54.25343426,371.33823869,0.00000000,0.29434351,0.84941359,2.21590077,2.00585980,786.58742152,-0.00000004,0.01217101,0.00000132
0.00760000,0.00005395,53.94907504,371.33796994,0.00000000,0.29105027,0.84464869,2.21529432,2.00585229,785.17238133,-0.00000004,0.01209942,0.00000132
0.00762500,0.00005364,53.64307329,371.33769850,0.00000000,0.28775793,0.83985807,2.21468286,2.00584468,783.74833655,-0.00000004,0.01202747,0.00000132
0.00765000,0.00005334,53.33540145,371.33742431,0.00000000,0.28446650,0.83504131,2.21406631,2.00583698,782.31511970,-0.00000004,0.01195516,0.00000132
0.00767500,0.00005303,53.02603118,371.33714733,0.00000000,0.28117600,0.83019795,2.21344456,2.00582916,780.87255820,-0.00000004,0.01188248,0.00000132
0.00770000,0.00005271,52.71493330,371.33686748,0.00000000,0.27788642,0.82532755,2.21281750,2.00582124,779.42047422,-0.00000004,0.01180943,0.00000132
0.00772500,0.00005240,52.40207781,371.33658471,0.00000000,0.27459778,0.82042963,2.21218504,2.00581321,777.95868436,-0.00000004,0.01173599,0.00000132
0.00775000,0.00005209,52.08743382,371.33629896,0.00000000,0.27131008,0.81550370,2.21154705,2.00580507,776.48699950,-0.00000004,0.01166216,0.00000131
0.00777500,0.00005177,51.77096952,371.33601015,0.00000000,0.26802333,0.81054928,2.21090342,2.00579681,775.00522449,-0.00000004,0.01158793,0.00000131
0.00780000,0.00005145,51.45265214,371.33571822,0.00000000,0.26473754,0.80556584,2.21025403,2.00578844,773.51315791,-0.00000004,0.01151330,0.00000131
0.00782500,0.00005113,51.13244792,371.33542310,0.00000000,0.26145272,0.80055286,2.20959877,2.00577994,772.01059177,-0.00000004,0.01143827,0.00000131
0.00785000,0.00005081,50.81032206,371.33512471,0.00000000,0.25816888,0.79550980,2.20893750,2.00577132,770.49731124,-0.00000004,0.01136281,0.00000131
0.00787500,0.00005049,50.48623866,371.33482299,0.00000000,0.25488603,0.79043608,2.20827010,2.00576258,768.97309431,-0.00000004,0.01128692,0.00000131
0.00790000,0.00005016,50.16016072,371.33451784,0.00000000,0.25160417,0.78533114,2.20759642,2.00575370,767.43771144,-0.00000004,0.01121061,0.00000131
0.00792500,0.00004983,49.83205000,371.33420920,0.00000000,0.24832332,0.78019437,2.20691632,2.00574469,765.89092527,-0.00000004,0.01113385,0.00000131
0.00795000,0.00004950,49.50186708,371.33389697,0.00000000,0.24504348,0.77502516,2.20622967,2.00573555,764.33249018,-0.00000003,0.01105664,0.00000131
0.00797500,0.00004917,49.16957119,371.33358107,0.00000000,0.24176467,0.76982287,2.20553631,2.00572626,762.76215190,-0.00000003,0.01097897,0.00000131
0.00800000,0.00004884,48.83512026,371.33326141,0.00000000,0.23848690,0.76458683,2.20483608,2.00571683,761.17964713,-0.00000003,0.01090083,0.00000131
0.00802500,0.00004850,48.49847074,371.33293789,0.00000000,0.23521017,0.75931637,2.20412883,2.00570726,759.58470305,-0.00000003,0.01082222,0.00000131
0.00805000,0.00004816,48.15957765,371.33261041,0.00000000,0.23193449,0.75401079,2.20341437,2.00569753,757.97703684,-0.00000003,0.01074311,0.00000131
0.00807500,0.00004782,47.81839440,371.33227888,0.00000000,0.22865988,0.74866935,2.20269255,2.00568764,756.35635519,-0.00000003,0.01066351,0.00000131
0.00810000,0.00004747,47.47487278,371.33194319,0.00000000,0.22538635,0.74329129,2.20196317,2.00567760,754.72235373,-0.00000003,0.01058341,0.00000131
0.00812500,0.00004713,47.12896288,371.33160323,0.00000000,0.22211391,0.73787585,2.20122604,2.00566738,753.07471648,-0.00000003,0.01050278,0.00000131
0.00815000,0.00004678,46.78061296,371.33125887,0.00000000,0.21884257,0.73242220,2.20048098,2.00565700,751.41311519,-0.00000003,0.01042163,0.00000131
0.00817500,0.00004643,46.42976938,371.33091002,0.00000000,0.21557235,0.72692951,2.19972778,2.00564645,749.73720873,-0.00000003,0.01033993,0.00000131
0.00820000,0.00004608,46.07637651,371.33055653,0.00000000,0.21230325,0.72139690,2.19896622,2.00563571,748.04664233,-0.00000003,0.01025768,0.00000131
0.00822500,0.00004572,45.72037661,371.33019828,0.00000000,0.20903528,0.71582348,2.19819609,2.00562479,746.34104682,-0.00000003,0.01017486,0.00000131
0.00825000,0.00004536,45.36170972,371.32983513,0.00000000,0.20576847,0.71020830,2.19741714,2.00561368,744.62003787,-0.00000003,0.01009147,0.00000131
0.00827500,0.00004500,45.00031356,371.32946695,0.00000000,0.20250282,0.70455039,2.19662915,2.00560237,742.88321505,-0.00000003,0.01000749,0.00000131
0.00830000,0.00004464,44.63612335,371.32909357,0.00000000,0.19923835,0.69884874,2.19583186,2.00559086,741.13016093,-0.00000003,0.00992290,0.00000131
0.00832500,0.00004427,44.26907172,371.32871486,0.00000000,0.19597507,0.69310228,2.19502501,2.00557913,739.36044005,-0.00000003,0.00983769,0.00000131
0.00835000,0.00004390,43.89908853,371.32833065,0.00000000,0.19271300,0.68730992,2.19420832,2.00556719,737.57359783,-0.00000003,0.00975184,0.00000130
0.00837500,0.00004353,43.52610074,371.32794077,0.00000000,0.18945214,0.68147052,2.19338151,2.00555503,735.76915942,-0.00000003,0.00966534,0.00000130
0.00840000,0.00004315,43.15003219,371.32754503,0.00000000,0.18619253,0.67558289,2.19254427,2.00554264,733.94662838,-0.00000003,0.00957818,0.00000130
0.00842500,0.00004277,42.77080346,371.32714326,0.00000000,0.18293416,0.66964578,2.19169630,2.00553000,732.10548538,-0.00000003,0.00949033,0.00000130
0.00845000,0.00004239,42.38833164,371.32673526,0.00000000,0.17967707,0.66365789,2.19083726,2.00551712,730.24518666,-0.00000003,0.00940179,0.00000130
0.00847500,0.00004200,42.00253012,371.32632082,0.00000000,0.17642125,0.65761787,2.18996680,2.00550399,728.36516243,-0.00000003,0.00931252,0.00000130
0.00850000,0.00004161,41.61330837,371.32589972,0.00000000,0.17316674,0.65152430,2.18908457,2.00549058,726.46481514,-0.00000003,0.00922251,0.00000130
0.00852500,0.00004122,41.22057166,371.32547175,0.00000000,0.16991355,0.64537569,2.18819017,2.00547691,724.54351760,-0.00000003,0.00913174,0.00000130
0.00855000,0.00004082,40.82422079,371.32503665,0.00000000,0.16666170,0.63917050,2.18728322,2.00546294,722.60061085,-0.00000003,0.00904019,0.00000130
0.00857500,0.00004042,40.42415181,371.32459418,0.00000000,0.16341120,0.63290710,2.18636328,2.00544868,720.63540198,-0.00000003,0.00894784,0.00000130
0.00860000,0.00004002,40.02025565,371.32414407,0.00000000,0.16016209,0.62658377,2.18542992,2.00543412,718.64716161,-0.00000003,0.00885466,0.00000130
0.00862500,0.00003961,39.61241781,371.32368603,0.00000000,0.15691436,0.62019873,2.18448265,2.00541923,716.63512126,-0.00000003,0.00876063,0.00000130
0.00865000,0.00003920,39.20051795,371.32321977,0.00000000,0.15366806,0.61375009,2.18352098,2.00540401,714.59847034,-0.00000003,0.00866572,0.00000130
0.00867500,0.00003878,38.78442946,371.32274498,0.00000000,0.15042320,0.60723587,2.18254440,2.00538845,712.53635294,-0.00000003,0.00856991,0.00000130
0.00870000,0.00003836,38.36401899,371.32226131,0.00000000,0.14717980,0.60065398,2.18155233,2.00537252,710.44786428,-0.00000003,0.00847316,0.00000130
0.00872500,0.00003794,37.93914596,371.32176841,0.00000000,0.14393788,0.59400222,2.18054419,2.00535622,708.33204675,-0.00000003,0.00837546,0.00000130
0.00875000,0.00003751,37.50966196,371.32126591,0.00000000,0.14069747,0.58727826,2.17951936,2.00533952,706.18788559,-0.00000003,0.00827676,0.00000130
0.00877500,0.00003708,37.07541017,371.32075340,0.00000000,0.13745860,0.58047966,2.17847718,2.00532242,704.01430410,-0.00000003,0.00817703,0.00000130
0.00880000,0.00003664,36.63622464,371.32023045,0.00000000,0.13422130,0.57360381,2.17741692,2.00530488,701.81015830,-0.00000003,0.00807624,0.00000129
0.00882500,0.00003619,36.19192954,371.31969660,0.00000000,0.13098558,0.56664796,2.17633784,2.00528690,699.57423099,-0.00000003,0.00797434,0.00000129
0.00885000,0.00003574,35.74233833,371.31915136,0.00000000,0.12775147,0.55960919,2.17523914,2.00526845,697.30522518,-0.00000002,0.00787131,0.00000129
0.00887500,0.00003529,35.28725280,371.31859421,0.00000000,0.12451902,0.55248439,2.17411994,2.00524950,695.00175667,-0.00000002,0.00776710,0.00000129
0.00890000,0.00003483,34.82646203,371.31802459,0.00000000,0.12128825,0.54527027,2.17297934,2.00523004,692.66234580,-0.00000002,0.00766166,0.00000129
0.00892500,0.00003436,34.35974122,371.31744188,0.00000000,0.11805918,0.53796330,2.17181635,2.00521003,690.28540816,-0.00000002,0.00755494,0.00000129
0.00895000,0.00003389,33.88685037,371.31684545,0.00000000,0.11483186,0.53055972,2.17062989,2.00518945,687.86924407,-0.00000002,0.00744689,0.00000129
0.00897500,0.00003341,33.40753282,371.31623458,0.00000000,0.11160632,0.52305552,2.16941883,2.00516827,685.41202675,-0.00000002,0.00733747,0.00000129
0.00900000,0.00003292,32.92151355,371.31560852,0.00000000,0.10838261,0.51544640,2.16818193,2.00514644,682.91178885,-0.00000002,0.00722660,0.00000129
0.00902500,0.00003243,32.42849731,371.31496644,0.00000000,0.10516074,0.50772772,2.16691787,2.00512394,680.36640716,-0.00000002,0.00711424,0.00000129
0.00905000,0.00003193,31.92816646,371.31430745,0.00000000,0.10194078,0.49989451,2.16562518,2.00510073,677.77358504,-0.00000002,0.00700030,0.00000129
0.00907500,0.00003142,31.42017852,371.31363058,0.00000000,0.09872276,0.49194142,2.16430231,2.00507676,675.13083238,-0.00000002,0.00688472,0.00000129
0.00910000,0.00003090,30.90412112,371.31349297,0.00000000,0.09550647,0.48386166,2.16294744,2.00503828,674.59605609,-0.00000002,0.00676740,0.00000129
0.00912500,0.00003038,30.37946354,371.31349297,0.00000000,0.09229118,0.47564716,2.16155834,2.00499533,674.59605609,-0.00000002,0.00664824,0.00000129
0.00915000,0.00002985,29.84575694,371.31349297,0.00000000,0.08907692,0.46729099,2.16013292,2.00495125,674.59605609,-0.00000002,0.00652714,0.00000129
0.00917500,0.00002930,29.30252053,371.31349297,0.00000000,0.08586377,0.45878561,2.15866891,2.00490599,674.59605609,-0.00000002,0.00640399,0.00000129
0.00920000,0.00002875,28.74922962,371.31349297,0.00000000,0.08265182,0.45012281,2.15716377,2.00485945,674.59605609,-0.00000002,0.00627869,0.00000129
0.00922500,0.00002819,28.18530992,371.31349297,0.00000000,0.07944117,0.44129360,2.15561474,2.00481155,674.59605609,-0.00000002,0.00615111,0.00000129
0.00925000,0.00002761,27.61013078,371.31349297,0.00000000,0.07623193,0.43228809,2.15401874,2.00476221,674.59605609,-0.00000002,0.00602112,0.00000129
0.00927500,0.00002702,27.02299723,371.31349297,0.00000000,0.07302424,0.42309542,2.15237232,2.00471130,674.59605609,-0.00000002,0.00588858,0.00000129
0.00930000,0.00002642,26.42314060,371.31349297,0.00000000,0.06981824,0.41370355,2.15067165,2.00465871,674.59605609,-0.00000002,0.00575331,0.00000129
0.00932500,0.00002581,25.80970725,371.31349297,0.00000000,0.06661410,0.40409911,2.14891240,2.00460432,674.59605609,-0.00000002,0.00561515,0.00000129
0.00935000,0.00002518,25.18174519,371.31349297,0.00000000,0.06341203,0.39426719,2.14708970,2.00454796,674.59605609,-0.00000002,0.00547388,0.00000129
0.00937500,0.00002454,24.53818781,371.31349297,0.00000000,0.06021227,0.38419110,2.14519798,2.00448947,674.59605609,-0.00000002,0.00532929,0.00000129
0.00940000,0.00002388,23.87783413,371.31349297,0.00000000,0.05701510,0.37385203,2.14323093,2.00442865,674.59605609,-0.00000002,0.00518112,0.00000129
0.00942500,0.00002320,23.19932456,371.31349297,0.00000000,0.05382087,0.36322870,2.14118124,2.00436527,674.59605609,-0.00000002,0.00502908,0.00000129
0.00945000,0.00002250,22.50111085,371.31349297,0.00000000,0.05063000,0.35229686,2.13904050,2.00429908,674.59605609,-0.00000002,0.00487284,0.00000129
0.00947500,0.00002178,21.78141815,371.31349297,0.00000000,0.04744302,0.34102873,2.13679884,2.00422977,674.59605609,-0.00000002,0.00471204,0.00000129
0.00950000,0.00002104,21.03819634,371.31349297,0.00000000,0.04426057,0.32939220,2.13444467,2.00415698,674.59605609,-0.00000001,0.00454625,0.00000129
0.00952500,0.00002027,20.26905562,371.31349297,0.00000000,0.04108346,0.31734987,2.13196419,2.00408029,674.59605609,-0.00000001,0.00437495,0.00000129
0.00955000,0.00001947,19.47117753,371.31349297,0.00000000,0.03791268,0.30485760,2.12934077,2.00399917,674.59605609,-0.00000001,0.00419756,0.00000129
0.00957500,0.00001864,18.64118432,371.31349297,0.00000000,0.03474938,0.29186251,2.12655406,2.00391301,674.59605609,-0.00000001,0.00401337,0.00000129
0.00960000,0.00001777,17.77493080,371.31349297,0.00000000,0.03159482,0.27829969,2.12357861,2.00382101,674.59605609,-0.00000001,0.00382152,0.00000129
0.00962500,0.00001687,16.86713617,371.31349297,0.00000000,0.02845003,0.26408648,2.12038157,2.00372216,674.59605609,-0.00000001,0.00362089,0.00000129
0.00965000,0.00001591,15.91064062,371.31349297,0.00000000,0.02531485,0.24911075,2.11691848,2.00361508,674.59605609,-0.00000001,0.00340998,0.00000129
0.00967500,0.00001489,14.89457897,371.31349297,0.00000000,0.02218485,0.23320241,2.11312366,2.00349774,674.59605609,-0.00000001,0.00318649,0.00000129
0.00970000,0.00001380,13.79769236,371.31349297,0.00000000,0.01903763,0.21602861,2.10887861,2.00336649,674.59605609,-0.00000001,0.00294590,0.00000129
0.00972500,0.00001252,12.52206289,371.31349297,0.00000000,0.01568021,0.19605625,2.10372353,2.00320710,674.59605609,-0.00000001,0.00266701,0.00000129
0.00975000,0.00001105,11.05192898,371.31349297,0.00000000,0.01221451,0.17303856,2.09744473,2.00301296,674.59605609,-0.00000001,0.00234687,0.00000129
0.00977500,0.00000938,9.38383275,371.31349297,0.00000000,0.00880563,0.14692140,2.08979031,2.00277628,674.59605609,-0.00000001,0.00198538,0.00000129
0.00980000,0.00000741,7.40524832,371.31349297,0.00000000,0.00548377,0.11594297,2.07976441,2.00246629,674.59605609,-0.00000001,0.00155924,0.00000128
0.00982500,0.00000482,4.81886291,371.31349297,0.00000000,0.00232214,0.07544829,2.06434453,2.00198951,674.59605609,-0.00000000,0.00100713,0.00000128
0.00985000,0.00000000,0.00000000,371.31349297,0.00000000,0.00000000,0.00000000,0.00000000,0.00000000,0.00000000,0.00000000,0.00000000,0.00000000
0.00985000,0.00000000,0.00000000,371.31349297,0.00000000,0.00000000,0.00000000,0.00000000,0.00000000,0.00000000,0.00000000,0.00000000,0.00000000
